{"cameraMode":{"drawMode":0,"name":"Shaded","section":"Shading Mode"},"sceneLighting":false,"audioPlay":false,"sceneViewState":{"showFog":false,"showMaterialUpdate":true,"showSkybox":false,"showFlares":true,"showImageEffects":true,"showParticleSystems":true},"in2DMode":false,"pivot":{"x":-3.640493392944336,"y":1.0700653791427613,"z":-6.508206367492676},"rotation":{"x":0.050824154168367389,"y":-0.9395215511322022,"z":0.1596492975950241,"w":0.29922783374786379},"size":1.5392394065856934,"orthographic":false}