{"cameraMode":{"drawMode":0,"name":"Shaded","section":"Shading Mode"},"sceneLighting":true,"audioPlay":false,"sceneViewState":{"showFog":true,"showMaterialUpdate":true,"showSkybox":true,"showFlares":true,"showImageEffects":true,"showParticleSystems":true},"in2DMode":false,"pivot":{"x":2.256225824356079,"y":3.8581748008728029,"z":-12.048358917236329},"rotation":{"x":-0.20866170525550843,"y":0.031378407031297687,"z":-0.0067335874773561958,"w":-0.9774922132492065},"size":5.079490661621094,"orthographic":false}