{"cameraMode":{"drawMode":0,"name":"Shaded","section":"Shading Mode"},"sceneLighting":true,"audioPlay":false,"sceneViewState":{"showFog":true,"showMaterialUpdate":false,"showSkybox":true,"showFlares":true,"showImageEffects":true,"showParticleSystems":true},"in2DMode":false,"pivot":{"x":7.176045894622803,"y":-2.26975154876709,"z":5.673616409301758},"rotation":{"x":-0.07584816217422486,"y":0.923677384853363,"z":-0.28354763984680178,"w":-0.24755915999412538},"size":10.428838729858399,"orthographic":false}