{"cameraMode":{"drawMode":0,"name":"Shaded","section":"Shading Mode"},"sceneLighting":true,"audioPlay":false,"sceneViewState":{"showFog":true,"showMaterialUpdate":false,"showSkybox":true,"showFlares":true,"showImageEffects":true,"showParticleSystems":true},"in2DMode":false,"pivot":{"x":0.6476349830627441,"y":1.5316853523254395,"z":-6.691287994384766},"rotation":{"x":0.27329394221305849,"y":0.2089342176914215,"z":-0.06122920662164688,"w":0.9371787309646606},"size":10.428838729858399,"orthographic":false}