{"cameraMode":{"drawMode":0,"name":"Shaded","section":"Shading Mode"},"sceneLighting":false,"audioPlay":false,"sceneViewState":{"showFog":true,"showMaterialUpdate":false,"showSkybox":false,"showFlares":true,"showImageEffects":true,"showParticleSystems":true},"in2DMode":false,"pivot":{"x":15.316191673278809,"y":-16.698837280273439,"z":44.37240982055664},"rotation":{"x":0.16423694789409638,"y":0.2642556130886078,"z":-0.045698873698711398,"w":0.9492906928062439},"size":70.47746276855469,"orthographic":false}