{"cameraMode":{"drawMode":0,"name":"Shaded","section":"Shading Mode"},"sceneLighting":true,"audioPlay":false,"sceneViewState":{"showFog":true,"showMaterialUpdate":false,"showSkybox":true,"showFlares":true,"showImageEffects":true,"showParticleSystems":true},"in2DMode":false,"pivot":{"x":-0.4854567050933838,"y":4.824609756469727,"z":-8.536518096923829},"rotation":{"x":0.17299115657806397,"y":-0.1453796774148941,"z":0.025827858597040178,"w":0.9738224744796753},"size":7.3171491622924809,"orthographic":false}