{"cameraMode":{"drawMode":0,"name":"Shaded","section":"Shading Mode"},"sceneLighting":true,"audioPlay":false,"sceneViewState":{"showFog":false,"showMaterialUpdate":true,"showSkybox":true,"showFlares":true,"showImageEffects":true,"showParticleSystems":true},"in2DMode":false,"pivot":{"x":-17.01529884338379,"y":-9.533251762390137,"z":-27.602502822875978},"rotation":{"x":0.0649651363492012,"y":-0.9291179180145264,"z":0.19688843190670014,"w":0.3066975772380829},"size":14.875569343566895,"orthographic":false}