{"cameraMode":{"drawMode":0,"name":"Shaded","section":"Shading Mode"},"sceneLighting":false,"audioPlay":false,"sceneViewState":{"showFog":true,"showMaterialUpdate":false,"showSkybox":false,"showFlares":true,"showImageEffects":true,"showParticleSystems":true},"in2DMode":false,"pivot":{"x":11.992863655090332,"y":-2.2001562118530275,"z":6.129818439483643},"rotation":{"x":-0.07860950380563736,"y":0.8960283398628235,"z":-0.17321178317070008,"w":-0.4020978808403015},"size":2.4037275314331056,"orthographic":false}