{"cameraMode":{"drawMode":0,"name":"Shaded","section":"Shading Mode"},"sceneLighting":true,"audioPlay":false,"sceneViewState":{"showFog":false,"showMaterialUpdate":true,"showSkybox":true,"showFlares":true,"showImageEffects":true,"showParticleSystems":true},"in2DMode":false,"pivot":{"x":-0.25608372688293459,"y":1.1469619274139405,"z":-45.56624221801758},"rotation":{"x":-0.0010416916338726879,"y":-0.9993128776550293,"z":0.040809374302625659,"w":-0.026573114097118379},"size":26.138641357421876,"orthographic":false}