{"cameraMode":{"drawMode":0,"name":"Shaded","section":"Shading Mode"},"sceneLighting":false,"audioPlay":false,"sceneViewState":{"showFog":true,"showMaterialUpdate":true,"showSkybox":false,"showFlares":true,"showImageEffects":true,"showParticleSystems":true},"in2DMode":false,"pivot":{"x":-18.153427124023439,"y":-40.00230026245117,"z":28.93204116821289},"rotation":{"x":0.3207496702671051,"y":-0.3309459388256073,"z":0.12075073271989823,"w":0.8792362809181213},"size":70.47746276855469,"orthographic":false}