{"cameraMode":{"drawMode":0,"name":"Shaded","section":"Shading Mode"},"sceneLighting":false,"audioPlay":false,"sceneViewState":{"showFog":true,"showMaterialUpdate":true,"showSkybox":false,"showFlares":true,"showImageEffects":true,"showParticleSystems":true},"in2DMode":false,"pivot":{"x":-8.259222984313965,"y":2.440469741821289,"z":-3.6089746952056886},"rotation":{"x":-0.11661682277917862,"y":-0.5139355659484863,"z":0.07072555273771286,"w":-0.8469588160514832},"size":7.744897365570068,"orthographic":false}