{"cameraMode":{"drawMode":0,"name":"Shaded","section":"Shading Mode"},"sceneLighting":true,"audioPlay":false,"sceneViewState":{"showFog":false,"showMaterialUpdate":true,"showSkybox":true,"showFlares":true,"showImageEffects":true,"showParticleSystems":true},"in2DMode":false,"pivot":{"x":-94.09293365478516,"y":-14.258552551269532,"z":-106.01363372802735},"rotation":{"x":0.01764654368162155,"y":-0.9456683397293091,"z":0.04977356642484665,"w":0.321824848651886},"size":77.1721420288086,"orthographic":false}