{"cameraMode":{"drawMode":0,"name":"Shaded","section":"Shading Mode"},"sceneLighting":true,"audioPlay":false,"sceneViewState":{"showFog":true,"showMaterialUpdate":false,"showSkybox":true,"showFlares":true,"showImageEffects":true,"showParticleSystems":true},"in2DMode":false,"pivot":{"x":-5.003593921661377,"y":-29.93398666381836,"z":39.749576568603519},"rotation":{"x":-0.29293984174728396,"y":0.0631386786699295,"z":-0.01868814043700695,"w":-0.9542492032051086},"size":70.33474731445313,"orthographic":false}