{"cameraMode":{"drawMode":0,"name":"Shaded","section":"Shading Mode"},"sceneLighting":true,"audioPlay":false,"sceneViewState":{"showFog":true,"showMaterialUpdate":false,"showSkybox":true,"showFlares":true,"showImageEffects":true,"showParticleSystems":true},"in2DMode":false,"pivot":{"x":12.692964553833008,"y":-29.483253479003908,"z":-60.844261169433597},"rotation":{"x":-0.010726658627390862,"y":-0.9649006128311157,"z":0.26062533259391787,"w":-0.03987148031592369},"size":70.39531707763672,"orthographic":false}